customer_id,age,annual_income,loan_amount,loan_tenure_months,credit_score,monthly_emi,existing_loans,late_payments,default_risk
10001,59,454726,1405833,12,412,117152.75,2,9,1
10002,49,478176,279189,36,469,7755.25,4,9,1
10003,35,1775062,448465,24,767,18686.04,4,1,0
10004,63,908754,301051,12,313,25087.58,1,6,1
10005,28,1137583,986705,36,587,27408.47,4,0,1
10006,41,1415868,699829,60,488,11663.82,3,5,1
10007,59,344931,763936,36,454,21220.44,4,5,1
10008,39,1692252,830641,24,770,34610.04,3,2,0
10009,43,362491,321830,48,374,6704.79,4,1,1
10010,31,1629585,365507,36,576,10152.97,1,1,1
10011,31,601921,409687,48,642,8535.15,3,8,1
10012,44,460910,1274491,60,724,21241.52,0,4,1
10013,56,1271812,504179,36,810,14004.97,3,6,1
10014,60,287955,1080596,12,481,90049.67,1,4,1
10015,44,1989450,92828,48,757,1933.92,3,6,1
10016,23,827433,885036,60,363,14750.6,4,3,1
10017,42,1919294,322670,12,559,26889.17,4,7,1
10018,22,1479361,1124168,12,492,93680.67,1,9,1
10019,44,1343490,341126,12,705,28427.17,2,9,1
10020,64,407990,836639,12,392,69719.92,4,6,1
10021,50,578387,1330617,36,729,36961.58,0,9,1
10022,58,738884,1449453,36,733,40262.58,1,4,1
10023,22,1196261,804296,36,703,22341.56,3,5,1
10024,41,1905215,174982,60,733,2916.37,3,4,1
10025,53,1442845,1355487,60,411,22591.45,0,6,1
10026,32,592417,1167195,60,674,19453.25,4,1,1
10027,42,1180020,358623,24,358,14942.62,1,4,1
10028,64,338155,1249751,60,342,20829.18,0,9,1
10029,45,1369250,220963,36,506,6137.86,4,2,1
10030,47,1106739,1240402,36,595,34455.61,1,8,1
10031,62,1505289,917869,24,417,38244.54,3,5,1
10032,48,1690077,1197116,24,831,49879.83,1,9,1
10033,36,743351,909414,60,521,15156.9,2,2,1
10034,35,267642,236994,48,465,4937.38,1,6,1
10035,64,290093,360375,24,455,15015.62,2,3,1
10036,23,1756182,79301,12,483,6608.42,1,2,1
10037,57,417215,1321300,36,389,36702.78,2,7,1
10038,27,1955856,1094327,12,393,91193.92,3,3,1
10039,41,1932465,243783,36,312,6771.75,4,0,1
10040,29,235954,68752,36,737,1909.78,2,5,1
10041,59,1276432,1065416,24,837,44392.33,2,9,1
10042,38,726861,787565,24,449,32815.21,3,0,1
10043,24,759655,718755,12,307,59896.25,2,4,1
10044,45,695553,267029,36,328,7417.47,0,6,1
10045,34,962092,957669,12,595,79805.75,3,5,1
10046,29,1086040,1154849,48,639,24059.35,0,1,1
10047,46,522918,1357079,12,738,113089.92,3,3,1
10048,22,1272328,1218544,60,443,20309.07,2,1,1
10049,40,1041461,427844,12,818,35653.67,0,0,0
10050,48,348757,60699,60,344,1011.65,2,2,1
10051,27,1562413,1294709,60,538,21578.48,3,2,1
10052,64,316739,584003,60,454,9733.38,2,6,1
10053,28,1486585,1117745,48,480,23286.35,0,0,1
10054,55,980316,568652,12,514,47387.67,0,8,1
10055,34,1456556,168413,12,387,14034.42,2,5,1
10056,37,1505185,1366502,48,555,28468.79,1,3,1
10057,56,1637398,1223057,36,810,33973.81,3,2,1
10058,60,536676,265400,24,372,11058.33,3,2,1
10059,24,1592714,1082532,12,478,90211.0,2,1,1
10060,22,1566853,609873,24,511,25411.38,1,1,1
10061,26,1214929,1277512,48,533,26614.83,0,9,1
10062,62,1766847,442136,36,764,12281.56,4,4,1
10063,24,523412,439954,36,522,12220.94,4,8,1
10064,49,685417,88067,36,563,2446.31,2,1,1
10065,38,1680035,68073,48,506,1418.19,1,1,1
10066,46,388456,86035,60,665,1433.92,1,5,1
10067,64,755941,1294625,60,575,21577.08,3,9,1
10068,54,1406305,283782,24,679,11824.25,0,1,0
10069,30,428504,664661,60,608,11077.68,1,3,1
10070,56,1894693,664805,60,567,11080.08,4,5,1
10071,34,852665,776331,36,363,21564.75,0,4,1
10072,51,1774486,111929,36,649,3109.14,0,0,0
10073,35,773044,807771,24,793,33657.12,2,5,1
10074,28,1289385,935296,12,822,77941.33,1,0,1
10075,34,1789589,717689,24,397,29903.71,2,2,1
10076,43,916756,830965,24,370,34623.54,1,9,1
10077,60,251226,337313,48,663,7027.35,3,4,1
10078,41,699512,137468,48,575,2863.92,2,9,1
10079,36,1854046,1133170,24,349,47215.42,2,4,1
10080,38,1724357,241703,24,657,10070.96,4,9,1
10081,44,1277978,1143609,24,784,47650.38,2,5,1
10082,46,1252839,1040669,60,383,17344.48,1,9,1
10083,45,1240993,1172437,48,595,24425.77,4,7,1
10084,61,1426476,757650,24,535,31568.75,2,4,1
10085,49,772212,343894,36,355,9552.61,2,0,1
10086,35,536326,1176798,36,659,32688.83,3,4,1
10087,21,424137,686308,60,409,11438.47,2,2,1
10088,45,1700844,843153,60,491,14052.55,0,3,1
10089,27,1129168,594897,12,392,49574.75,4,7,1
10090,29,1546457,1302557,12,359,108546.42,0,6,1
10091,44,563476,154211,12,338,12850.92,4,4,1
10092,21,1600283,1284897,60,839,21414.95,3,1,1
10093,64,1933309,537689,60,348,8961.48,2,5,1
10094,28,1759161,973160,60,719,16219.33,2,5,1
10095,44,891757,910952,36,312,25304.22,2,9,1
10096,31,590719,900741,60,335,15012.35,4,9,1
10097,37,1727937,1128560,36,400,31348.89,2,5,1
10098,28,1349947,1104477,12,385,92039.75,0,8,1
10099,55,762997,212624,12,815,17718.67,2,7,1
10100,55,1233578,1320893,12,522,110074.42,3,7,1
10101,53,1440768,1391775,24,637,57990.62,0,0,1
10102,25,1398898,743045,24,465,30960.21,2,4,1
10103,62,221172,1041469,48,682,21697.27,2,6,1
10104,59,735843,195788,48,675,4078.92,1,5,1
10105,61,1196121,688387,48,770,14341.4,4,4,1
10106,48,1826140,585426,24,330,24392.75,0,7,1
10107,27,781780,740658,24,674,30860.75,1,2,1
10108,29,908362,1018616,48,310,21221.17,3,5,1
10109,28,713319,73429,48,601,1529.77,4,4,1
10110,32,980298,1300956,60,395,21682.6,0,7,1
10111,54,1076031,822577,48,489,17137.02,2,3,1
10112,53,1470896,1343703,60,752,22395.05,0,7,1
10113,43,1666554,937700,36,491,26047.22,2,9,1
10114,44,1259622,1115923,24,785,46496.79,4,1,1
10115,57,428071,606110,48,565,12627.29,2,8,1
10116,55,578165,1014163,24,723,42256.79,3,8,1
10117,64,908662,965387,24,427,40224.46,2,9,1
10118,60,616366,57967,24,537,2415.29,3,9,1
10119,42,1515573,275371,36,654,7649.19,4,5,1
10120,47,1212117,1307100,12,411,108925.0,4,3,1
10121,55,845188,1263261,48,745,26317.94,0,3,1
10122,21,1731191,602467,12,642,50205.58,3,5,1
10123,55,615008,301537,12,444,25128.08,3,4,1
10124,57,1831993,891531,12,364,74294.25,1,5,1
10125,34,1454126,914645,24,546,38110.21,1,6,1
10126,23,444883,1478127,60,789,24635.45,1,6,1
10127,21,1886994,985772,24,738,41073.83,2,8,1
10128,25,1709090,521082,24,405,21711.75,1,7,1
10129,46,1149491,110545,12,480,9212.08,3,5,1
10130,34,871210,1333131,24,483,55547.12,2,5,1
10131,59,1129616,273894,12,525,22824.5,4,4,1
10132,47,1370365,777506,60,388,12958.43,0,0,1
10133,29,879418,1039470,48,829,21655.62,1,8,1
10134,35,900780,1400642,12,670,116720.17,4,8,1
10135,35,1811754,1457753,60,698,24295.88,3,8,1
10136,46,1314593,1465512,48,405,30531.5,0,7,1
10137,62,1426952,300497,36,570,8347.14,4,9,1
10138,33,1936857,1023181,12,802,85265.08,0,2,0
10139,52,699137,1069658,12,824,89138.17,1,0,1
10140,59,856884,751692,36,331,20880.33,3,7,1
10141,52,824712,956295,36,692,26563.75,0,6,1
10142,24,893264,1254680,12,339,104556.67,4,4,1
10143,50,1041344,743206,36,517,20644.61,1,9,1
10144,57,1806872,1143512,24,381,47646.33,1,6,1
10145,43,1641852,735154,48,500,15315.71,4,9,1
10146,59,1978602,1300632,48,746,27096.5,4,3,1
10147,35,807847,275469,48,727,5738.94,0,8,1
10148,63,1303913,1126717,24,337,46946.54,2,9,1
10149,49,1097048,187478,36,510,5207.72,1,1,1
10150,56,1524070,1195935,60,743,19932.25,0,8,1
10151,33,1272930,959711,36,626,26658.64,4,8,1
10152,52,1293762,1252939,12,526,104411.58,0,4,1
10153,27,752433,671827,48,347,13996.4,4,0,1
10154,42,627236,543158,36,317,15087.72,3,6,1
10155,48,1858987,73312,60,738,1221.87,4,9,1
10156,22,1748459,1010612,12,486,84217.67,4,9,1
10157,62,1979122,477387,24,644,19891.12,4,3,0
10158,26,940829,484995,24,523,20208.12,2,8,1
10159,48,1793445,848843,60,787,14147.38,4,5,1
10160,48,1861793,1347638,12,528,112303.17,1,2,1
10161,64,485195,893441,48,689,18613.35,1,5,1
10162,64,775762,485684,36,487,13491.22,0,9,1
10163,40,816036,107022,12,569,8918.5,2,5,1
10164,50,1374571,383373,24,609,15973.88,0,4,1
10165,31,1494266,1197647,60,431,19960.78,1,1,1
10166,48,1580346,1280844,60,371,21347.4,1,9,1
10167,45,993392,1047858,36,486,29107.17,3,9,1
10168,59,628988,408918,60,785,6815.3,4,1,1
10169,53,380553,539626,60,490,8993.77,1,6,1
10170,21,760696,338859,12,721,28238.25,0,1,0
10171,47,1080438,864037,48,419,18000.77,0,5,1
10172,33,1508144,605462,36,519,16818.39,4,4,1
10173,61,519278,977460,12,352,81455.0,4,3,1
10174,23,1400139,1174949,48,750,24478.1,3,6,1
10175,59,1905277,1291597,12,711,107633.08,2,7,1
10176,26,899983,243718,12,536,20309.83,0,3,1
10177,28,1863191,644305,60,705,10738.42,4,0,0
10178,47,593554,113037,48,721,2354.94,0,0,0
10179,29,1451079,580836,36,546,16134.33,4,0,1
10180,57,1391902,691269,36,371,19201.92,1,0,1
10181,53,1955796,1332789,48,484,27766.44,0,4,1
10182,62,1259920,254366,60,305,4239.43,1,3,1
10183,64,594966,552420,24,505,23017.5,0,8,1
10184,44,1840821,204249,12,843,17020.75,2,2,0
10185,35,305423,1384742,60,686,23079.03,3,6,1
10186,52,520197,1088199,48,375,22670.81,1,7,1
10187,52,664071,710902,12,476,59241.83,4,5,1
10188,44,871256,1320660,36,648,36685.0,2,9,1
10189,61,386833,1159004,24,554,48291.83,0,0,1
10190,32,917912,1420073,36,607,39446.47,1,7,1
10191,59,975435,1286180,48,644,26795.42,0,9,1
10192,22,277454,590340,12,426,49195.0,0,2,1
10193,23,1506170,1199265,48,586,24984.69,0,7,1
10194,57,1760473,752436,12,786,62703.0,3,3,0
10195,37,1601320,496636,60,682,8277.27,3,7,1
10196,22,1109164,706031,24,705,29417.96,4,0,1
10197,22,1764718,312307,60,687,5205.12,1,2,0
10198,48,1145439,1402144,60,824,23369.07,2,5,1
10199,43,237641,1021248,48,575,21276.0,2,8,1
10200,57,1802575,513547,24,799,21397.79,2,1,0
10201,52,1617616,453850,12,636,37820.83,0,0,0
10202,53,1916118,1234446,12,780,102870.5,3,9,1
10203,21,812121,1383140,36,572,38420.56,1,2,1
10204,39,518420,560259,12,357,46688.25,0,3,1
10205,22,481685,1390020,48,627,28958.75,3,4,1
10206,64,1724102,1109325,60,408,18488.75,3,2,1
10207,46,1293389,678419,60,578,11306.98,1,9,1
10208,52,1941134,1398207,60,627,23303.45,1,1,1
10209,26,864180,275019,24,614,11459.12,1,1,0
10210,52,486214,647218,12,773,53934.83,0,6,1
10211,24,1128626,1389100,48,410,28939.58,4,8,1
10212,31,542703,867052,24,528,36127.17,1,9,1
10213,37,404615,1355129,36,796,37642.47,4,1,1
10214,58,1725233,769401,48,455,16029.19,0,6,1
10215,44,1814650,1478080,48,772,30793.33,4,6,1
10216,25,1998870,1151928,48,571,23998.5,2,6,1
10217,54,599953,474127,60,301,7902.12,4,2,1
10218,26,1171741,1262432,48,810,26300.67,1,6,1
10219,42,1038003,53191,12,585,4432.58,0,0,1
10220,31,1536230,678864,48,312,14143.0,1,9,1
10221,36,481570,1294289,60,797,21571.48,2,0,1
10222,53,1285841,492939,48,537,10269.56,1,4,1
10223,29,1497897,1102207,36,393,30616.86,1,1,1
10224,26,266150,1235820,36,637,34328.33,1,8,1
10225,36,1860176,354224,60,470,5903.73,3,6,1
10226,49,1338189,270169,12,766,22514.08,2,3,0
10227,23,537054,664641,12,442,55386.75,1,3,1
10228,40,321826,602959,24,500,25123.29,1,1,1
10229,56,759723,271972,60,479,4532.87,1,4,1
10230,39,650348,1488454,48,663,31009.46,0,3,1
10231,46,1458593,798321,60,778,13305.35,3,0,0
10232,23,1199554,558679,24,770,23278.29,0,7,1
10233,39,334055,471818,60,683,7863.63,3,2,1
10234,40,690457,754590,60,716,12576.5,1,5,1
10235,52,876022,1041120,24,607,43380.0,2,3,1
10236,27,1009942,1105675,12,666,92139.58,4,8,1
10237,61,1982123,630780,48,300,13141.25,4,6,1
10238,53,896358,1195298,24,343,49804.08,1,8,1
10239,60,1698638,1015188,36,397,28199.67,0,9,1
10240,59,1342647,604399,12,564,50366.58,2,2,1
10241,38,1555267,113936,36,439,3164.89,3,0,1
10242,60,1041052,273332,12,780,22777.67,1,4,1
10243,21,346389,775836,48,536,16163.25,2,2,1
10244,31,1888472,1421640,48,371,29617.5,2,5,1
10245,48,469708,537510,60,489,8958.5,3,7,1
10246,45,1931281,113530,36,567,3153.61,2,3,1
10247,43,838112,1368508,12,620,114042.33,0,4,1
10248,51,1211727,1246179,48,406,25962.06,0,4,1
10249,50,454444,924772,24,531,38532.17,0,3,1
10250,62,803561,1012361,48,341,21090.85,2,3,1
10251,55,1061291,191214,24,438,7967.25,0,3,1
10252,27,411837,689341,12,572,57445.08,3,3,1
10253,36,310017,453082,48,780,9439.21,2,3,1
10254,46,323618,251139,48,715,5232.06,4,4,1
10255,22,659297,1078494,12,805,89874.5,2,1,1
10256,21,1373917,1071318,48,723,22319.12,3,1,1
10257,32,1220154,699714,24,706,29154.75,4,8,1
10258,25,1015862,638315,48,689,13298.23,2,1,1
10259,57,1979468,1257786,36,641,34938.5,0,5,1
10260,52,752076,142601,60,792,2376.68,1,1,0
10261,29,950865,1128532,24,491,47022.17,1,4,1
10262,61,641759,1336916,36,798,37136.56,0,3,1
10263,55,1082554,679085,12,532,56590.42,1,6,1
10264,39,1812838,962735,24,526,40113.96,1,6,1
10265,36,1093741,471486,60,670,7858.1,0,5,1
10266,23,740659,653103,60,438,10885.05,0,9,1
10267,40,622845,89279,12,448,7439.92,2,4,1
10268,44,906544,421931,12,414,35160.92,2,0,1
10269,53,524060,198702,24,749,8279.25,0,2,0
10270,44,1846836,1159639,48,362,24159.15,3,8,1
10271,31,1441835,823887,12,403,68657.25,1,0,1
10272,28,475128,1352887,48,572,28185.15,2,4,1
10273,56,1019471,702184,36,305,19505.11,1,1,1
10274,58,809719,495377,60,446,8256.28,4,3,1
10275,60,1070123,569089,48,483,11856.02,0,0,1
10276,40,1045038,796434,60,327,13273.9,3,2,1
10277,55,1652408,1307008,48,849,27229.33,4,9,1
10278,45,1089097,232051,36,418,6445.86,4,6,1
10279,55,1878237,1196237,12,592,99686.42,4,9,1
10280,45,1429720,993693,36,670,27602.58,0,2,1
10281,49,450195,173257,12,543,14438.08,2,3,1
10282,38,1392324,1029062,12,517,85755.17,0,1,1
10283,38,1652608,1367630,60,476,22793.83,2,2,1
10284,22,232733,1025217,36,598,28478.25,4,8,1
10285,55,1989616,1053171,48,357,21941.06,4,2,1
10286,36,726338,973482,36,568,27041.17,3,4,1
10287,61,309996,853585,60,607,14226.42,2,1,1
10288,56,758221,1420485,12,587,118373.75,4,3,1
10289,53,749239,804444,60,404,13407.4,1,6,1
10290,24,756701,162990,24,527,6791.25,3,6,1
10291,53,1414449,1168095,24,546,48670.62,0,2,1
10292,34,1959555,1108079,48,793,23084.98,3,4,1
10293,41,1150417,1290351,60,382,21505.85,1,0,1
10294,40,1099005,1031883,48,485,21497.56,2,9,1
10295,28,1236580,763226,48,551,15900.54,0,9,1
10296,27,633816,1246553,24,654,51939.71,0,9,1
10297,23,1961711,76806,48,509,1600.12,2,0,1
10298,37,1470464,1274648,24,746,53110.33,3,4,1
10299,53,985332,465384,12,759,38782.0,4,9,1
10300,32,1994029,120119,60,771,2001.98,3,8,1
10301,42,967950,1283741,48,669,26744.6,1,0,1
10302,42,366472,679720,24,791,28321.67,4,0,1
10303,50,597710,520641,36,436,14462.25,3,3,1
10304,58,411760,929381,48,666,19362.1,2,3,1
10305,58,322744,457507,12,483,38125.58,1,1,1
10306,28,1978627,913403,12,586,76116.92,1,8,1
10307,47,1750522,929903,36,771,25830.64,1,8,1
10308,47,1291577,935421,24,674,38975.88,4,1,1
10309,54,791652,134080,48,836,2793.33,0,8,1
10310,41,1111420,1351367,24,810,56306.96,4,5,1
10311,50,1031460,1028836,12,549,85736.33,3,7,1
10312,53,438506,1176370,24,809,49015.42,0,9,1
10313,48,953019,342985,12,372,28582.08,3,3,1
10314,53,630789,174447,24,581,7268.62,0,1,1
10315,25,1904742,170029,36,659,4723.03,4,1,0
10316,39,1110775,229830,60,309,3830.5,1,8,1
10317,24,1960574,1436992,36,510,39916.44,2,0,1
10318,55,1901165,611931,36,451,16998.08,1,6,1
10319,37,1112727,356094,60,304,5934.9,4,2,1
10320,64,699722,1286497,60,494,21441.62,0,2,1
10321,48,1933693,1461220,48,582,30442.08,1,1,1
10322,50,758924,733404,48,763,15279.25,4,9,1
10323,49,1984033,437732,36,412,12159.22,3,5,1
10324,26,379352,916183,36,570,25449.53,2,9,1
10325,55,1010694,672893,12,462,56074.42,1,1,1
10326,61,393283,891965,12,759,74330.42,0,9,1
10327,57,1172346,394710,48,404,8223.12,3,3,1
10328,44,1115015,682543,48,581,14219.65,4,9,1
10329,49,1698771,834586,12,461,69548.83,2,8,1
10330,51,1198974,1061967,12,650,88497.25,0,8,1
10331,55,631413,501157,24,733,20881.54,4,5,1
10332,53,1552564,1156581,24,439,48190.88,4,3,1
10333,41,526898,1315898,12,770,109658.17,1,6,1
10334,52,1151661,1288360,24,431,53681.67,1,0,1
10335,43,1063561,73387,60,386,1223.12,0,3,1
10336,53,502186,930412,48,482,19383.58,4,4,1
10337,23,1310241,1184033,48,667,24667.35,1,7,1
10338,38,1495160,194129,12,428,16177.42,2,1,1
10339,45,1365529,1078308,36,545,29953.0,2,4,1
10340,62,676072,367875,12,677,30656.25,4,5,1
10341,51,1931312,1278337,24,448,53264.04,1,4,1
10342,23,1226553,618926,36,732,17192.39,0,8,1
10343,60,1435202,534814,24,768,22283.92,0,9,1
10344,44,345271,1276134,60,745,21268.9,0,0,1
10345,52,318533,472955,24,780,19706.46,2,2,1
10346,42,1168452,1469541,60,593,24492.35,1,1,1
10347,43,1846645,1102330,60,442,18372.17,1,2,1
10348,22,1714542,117260,24,549,4885.83,2,9,1
10349,47,266262,1165488,24,601,48562.0,0,8,1
10350,62,1033032,306695,60,324,5111.58,0,8,1
10351,22,276898,582994,36,369,16194.28,4,9,1
10352,46,655699,845326,60,411,14088.77,3,1,1
10353,37,1397945,396130,48,663,8252.71,1,2,0
10354,60,754736,918374,60,602,15306.23,1,3,1
10355,53,488316,79725,36,770,2214.58,1,8,1
10356,29,1256233,1235574,48,390,25741.12,3,2,1
10357,63,677602,154555,12,829,12879.58,4,6,1
10358,59,1144189,311486,12,491,25957.17,3,2,1
10359,49,1239504,845928,36,541,23498.0,0,6,1
10360,62,574999,938036,60,437,15633.93,0,6,1
10361,46,1932767,924631,24,644,38526.29,1,8,1
10362,55,207906,615609,36,479,17100.25,2,1,1
10363,45,1572133,283103,48,802,5897.98,1,5,1
10364,44,1826892,1032599,48,502,21512.48,2,8,1
10365,33,993719,465872,12,491,38822.67,3,1,1
10366,27,1544380,105147,48,304,2190.56,0,1,1
10367,56,1717550,492882,36,536,13691.17,2,4,1
10368,40,1046936,525584,48,610,10949.67,3,9,1
10369,21,915080,350931,36,848,9748.08,0,9,1
10370,28,1875843,294839,24,355,12284.96,2,9,1
10371,36,234701,506162,12,742,42180.17,1,7,1
10372,34,1331876,596015,48,536,12416.98,1,8,1
10373,32,965537,1193657,36,496,33157.14,1,1,1
10374,43,1921610,1483441,60,813,24724.02,3,4,1
10375,35,283560,739556,12,748,61629.67,1,6,1
10376,48,442615,742095,24,659,30920.62,4,5,1
10377,54,243642,810109,36,329,22503.03,0,5,1
10378,22,717083,1178678,24,407,49111.58,3,6,1
10379,52,691036,1047082,24,744,43628.42,1,2,1
10380,43,527304,206570,48,737,4303.54,0,2,0
10381,42,565464,1166271,48,756,24297.31,2,9,1
10382,45,813089,481116,36,794,13364.33,1,8,1
10383,42,1536651,571608,60,546,9526.8,0,7,1
10384,42,1342953,167235,36,842,4645.42,4,4,1
10385,62,526916,1052403,60,738,17540.05,2,5,1
10386,26,1700554,1117609,24,577,46567.04,4,9,1
10387,35,512250,566409,12,410,47200.75,0,0,1
10388,63,805409,716165,36,684,19893.47,4,9,1
10389,57,1274135,741211,36,490,20589.19,0,0,1
10390,53,1092027,601120,60,789,10018.67,0,3,0
10391,28,758030,1293085,24,725,53878.54,4,1,1
10392,64,1056101,1476445,24,704,61518.54,0,6,1
10393,64,1925690,195016,60,634,3250.27,1,1,0
10394,25,1383620,332017,24,508,13834.04,0,9,1
10395,59,1360793,1188040,48,321,24750.83,3,1,1
10396,24,1814737,720739,12,507,60061.58,0,4,1
10397,26,1092964,1215898,36,307,33774.94,3,3,1
10398,52,603119,795182,12,828,66265.17,0,7,1
10399,50,858380,497557,36,465,13821.03,0,3,1
10400,55,1335564,848519,48,795,17677.48,4,5,1
10401,60,769936,466978,24,728,19457.42,1,4,1
10402,36,325991,1083316,60,462,18055.27,1,1,1
10403,33,602732,919049,48,665,19146.85,2,7,1
10404,62,706079,674771,12,825,56230.92,4,1,1
10405,50,726684,573886,60,538,9564.77,4,8,1
10406,39,1332658,1333203,24,371,55550.12,1,8,1
10407,37,328322,592601,48,744,12345.85,4,2,1
10408,39,856951,1213490,60,808,20224.83,1,3,1
10409,48,211303,597993,48,568,12458.19,4,7,1
10410,46,1410209,153892,48,714,3206.08,0,8,1
10411,57,1582439,1362743,24,544,56780.96,1,2,1
10412,46,1498266,693942,36,359,19276.17,1,4,1
10413,43,1209612,1289444,60,305,21490.73,3,7,1
10414,29,299616,1178649,24,706,49110.38,4,2,1
10415,32,1110597,154195,48,516,3212.4,4,6,1
10416,21,1334807,766987,24,325,31957.79,1,7,1
10417,21,469458,1132424,36,304,31456.22,0,9,1
10418,54,1268199,982883,60,831,16381.38,0,2,1
10419,52,923035,1388486,36,689,38569.06,0,1,1
10420,45,690042,1076630,12,747,89719.17,4,9,1
10421,60,658298,118099,60,445,1968.32,3,6,1
10422,21,1247343,1062237,36,687,29506.58,1,8,1
10423,36,1725416,1167698,48,548,24327.04,2,0,1
10424,59,305228,623156,60,825,10385.93,3,2,1
10425,25,626346,1367363,60,761,22789.38,2,4,1
10426,42,1955692,536275,24,312,22344.79,3,2,1
10427,49,1084056,348871,48,683,7268.15,0,0,0
10428,23,1930228,1207655,12,698,100637.92,4,6,1
10429,32,1769123,902129,36,318,25059.14,2,6,1
10430,46,1317850,1114605,24,790,46441.88,3,9,1
10431,36,1382117,1344929,36,718,37359.14,4,7,1
10432,57,1302523,457442,12,636,38120.17,2,4,1
10433,42,1926470,1293294,12,718,107774.5,1,9,1
10434,49,1443268,1470178,60,421,24502.97,3,4,1
10435,34,248874,946816,12,731,78901.33,1,4,1
10436,48,1822572,1167502,36,343,32430.61,0,0,1
10437,25,1323129,367650,48,616,7659.38,1,9,1
10438,50,792632,493031,48,680,10271.48,1,4,1
10439,25,909662,1140668,60,444,19011.13,3,5,1
10440,32,771926,1423259,36,626,39534.97,0,0,1
10441,36,1326825,1033581,36,662,28710.58,1,6,1
10442,46,727007,202889,12,349,16907.42,4,0,1
10443,46,878250,743221,36,364,20645.03,2,1,1
10444,41,670452,225006,24,654,9375.25,1,1,0
10445,59,1678301,819727,12,463,68310.58,0,4,1
10446,56,242534,1239906,24,440,51662.75,1,9,1
10447,53,695518,1156351,60,427,19272.52,2,6,1
10448,50,816529,1366189,48,697,28462.27,0,0,1
10449,57,612003,340998,60,762,5683.3,3,9,1
10450,43,326209,711616,48,486,14825.33,0,0,1
10451,30,642061,126256,60,489,2104.27,3,0,1
10452,25,1437580,1001441,36,687,27817.81,0,5,1
10453,56,816412,1459854,24,728,60827.25,2,1,1
10454,54,1864523,231360,48,583,4820.0,2,0,1
10455,51,364134,396874,12,536,33072.83,0,5,1
10456,30,1324289,468267,24,493,19511.12,1,1,1
10457,39,1991199,1388106,12,586,115675.5,2,5,1
10458,52,688972,1341210,24,435,55883.75,3,9,1
10459,21,1177965,983688,24,470,40987.0,3,7,1
10460,25,1323994,83787,60,458,1396.45,4,1,1
10461,24,1184176,595909,48,500,12414.77,3,8,1
10462,36,1376808,652272,48,786,13589.0,4,7,1
10463,44,720551,361955,24,803,15081.46,0,9,1
10464,36,363038,80447,36,670,2234.64,0,0,0
10465,22,1190049,178046,36,402,4945.72,0,6,1
10466,48,1130491,789290,12,424,65774.17,1,9,1
10467,52,1416959,1067541,12,612,88961.75,1,5,1
10468,47,1574572,691147,60,757,11519.12,4,5,1
10469,40,458722,238490,24,529,9937.08,3,5,1
10470,44,332079,1082038,12,496,90169.83,3,5,1
10471,32,402053,457688,12,722,38140.67,0,9,1
10472,55,800530,554409,24,470,23100.38,2,6,1
10473,53,1427165,1336980,60,681,22283.0,1,2,1
10474,53,1751814,566595,12,472,47216.25,1,5,1
10475,63,1277833,713689,60,752,11894.82,0,2,0
10476,57,680488,215937,48,649,4498.69,1,6,1
10477,32,635423,1145426,60,793,19090.43,0,6,1
10478,23,1392929,1414940,36,303,39303.89,4,7,1
10479,21,523390,293306,36,392,8147.39,3,1,1
10480,53,463579,1192384,60,305,19873.07,2,8,1
10481,60,1478523,711757,36,587,19771.03,3,4,1
10482,30,1480334,278981,48,445,5812.1,3,8,1
10483,63,1864221,572220,24,723,23842.5,4,9,1
10484,64,1406308,103072,36,756,2863.11,1,4,1
10485,49,1199701,1121860,36,501,31162.78,2,6,1
10486,33,1131011,133369,60,511,2222.82,1,8,1
10487,32,1976531,861554,48,305,17949.04,3,3,1
10488,51,1856671,787266,24,675,32802.75,0,1,0
10489,22,1687331,637100,60,746,10618.33,3,8,1
10490,55,338563,1368719,60,405,22811.98,1,1,1
10491,43,983066,334580,48,700,6970.42,3,2,0
10492,37,1754623,573156,24,395,23881.5,0,9,1
10493,46,905552,819097,48,687,17064.52,4,1,1
10494,28,526032,302164,24,751,12590.17,1,2,0
10495,49,797897,819605,48,715,17075.1,3,5,1
10496,46,972800,1386921,60,803,23115.35,1,2,1
10497,30,1502549,200787,60,753,3346.45,4,9,1
10498,46,1531673,210381,12,590,17531.75,3,7,1
10499,54,1625402,499830,36,833,13884.17,3,5,1
10500,61,1762833,954098,48,492,19877.04,1,6,1
10501,27,1927757,1455568,12,449,121297.33,1,0,1
10502,24,1679359,118920,36,814,3303.33,0,2,0
10503,31,1363950,880051,48,692,18334.4,4,2,1
10504,49,749148,700024,24,615,29167.67,0,1,1
10505,56,876555,980997,36,375,27249.92,3,6,1
10506,45,801763,591357,60,569,9855.95,1,8,1
10507,41,684090,57531,12,524,4794.25,3,3,1
10508,56,1073698,480267,36,829,13340.75,3,4,1
10509,30,876787,1165731,36,412,32381.42,2,2,1
10510,57,1537803,981479,60,550,16357.98,2,8,1
10511,29,942406,357747,48,532,7453.06,3,3,1
10512,44,1043804,990756,24,382,41281.5,1,4,1
10513,55,848074,524013,60,424,8733.55,3,0,1
10514,55,1161568,182503,24,474,7604.29,2,1,1
10515,56,1780677,742841,48,368,15475.85,1,8,1
10516,38,1280174,714917,36,346,19858.81,3,1,1
10517,59,1754510,1464022,24,555,61000.92,4,4,1
10518,52,1865970,1002246,12,329,83520.5,4,7,1
10519,44,489226,69675,12,580,5806.25,3,2,1
10520,43,1015673,123997,60,536,2066.62,1,5,1
10521,52,427286,198087,48,547,4126.81,3,3,1
10522,57,637785,1017561,60,667,16959.35,3,6,1
10523,32,1260321,536799,60,794,8946.65,2,9,1
10524,33,1012461,569349,60,324,9489.15,4,2,1
10525,43,1392673,805678,12,789,67139.83,2,5,1
10526,45,432732,190905,12,793,15908.75,2,9,1
10527,55,1918224,320040,60,613,5334.0,3,8,1
10528,61,813474,361877,12,674,30156.42,2,9,1
10529,50,1124044,616088,48,324,12835.17,4,0,1
10530,37,1084200,1194620,60,633,19910.33,2,2,1
10531,40,413030,317491,12,654,26457.58,4,1,1
10532,45,924238,539066,24,415,22461.08,2,7,1
10533,42,1814710,708003,60,347,11800.05,4,6,1
10534,33,1218652,352929,60,398,5882.15,2,1,1
10535,39,1586652,855113,48,758,17814.85,2,5,1
10536,56,348554,416008,36,822,11555.78,1,2,1
10537,32,485555,983396,36,704,27316.56,4,7,1
10538,61,644191,883731,48,513,18411.06,4,9,1
10539,39,1702337,1115649,48,802,23242.69,4,2,1
10540,32,1754094,803158,48,747,16732.46,0,9,1
10541,29,1589517,165359,36,557,4593.31,2,8,1
10542,27,514451,975431,48,420,20321.48,4,0,1
10543,48,1120597,116707,12,353,9725.58,0,4,1
10544,34,1532762,301351,60,630,5022.52,1,2,0
10545,51,1825794,520670,60,540,8677.83,4,5,1
10546,39,972944,1337087,24,829,55711.96,4,9,1
10547,36,1686205,1334294,24,782,55595.58,0,1,1
10548,25,968747,100601,60,486,1676.68,2,8,1
10549,55,424695,1044969,12,561,87080.75,1,5,1
10550,32,1084315,1494331,36,663,41509.19,4,6,1
10551,45,1544476,545479,36,790,15152.19,2,4,1
10552,41,1301844,301924,12,730,25160.33,1,8,1
10553,56,1681006,833441,36,538,23151.14,3,0,1
10554,43,1461519,299430,48,603,6238.12,3,4,1
10555,36,1670394,1221364,60,597,20356.07,1,9,1
10556,59,908691,330466,60,375,5507.77,0,5,1
10557,62,773189,500930,12,632,41744.17,1,6,1
10558,59,1610706,1448616,36,773,40239.33,1,3,1
10559,34,1443064,1160868,24,582,48369.5,0,0,1
10560,51,1936132,603343,24,371,25139.29,0,7,1
10561,25,590530,355035,36,562,9862.08,2,9,1
10562,55,862784,1451256,24,311,60469.0,2,3,1
10563,43,441531,318448,12,440,26537.33,0,2,1
10564,49,1495269,1258948,12,316,104912.33,3,6,1
10565,63,1194465,991763,36,362,27548.97,3,1,1
10566,31,1119484,141006,24,552,5875.25,1,7,1
10567,38,903650,179350,12,764,14945.83,4,5,1
10568,32,1799295,738725,12,675,61560.42,1,6,1
10569,29,1486936,855878,48,819,17830.79,1,4,1
10570,30,544855,838768,48,389,17474.33,4,8,1
10571,64,1755979,256487,12,474,21373.92,0,4,1
10572,37,1274961,147852,36,375,4107.0,3,4,1
10573,58,631374,1237169,60,699,20619.48,1,2,1
10574,27,1664811,777067,60,370,12951.12,4,0,1
10575,33,480783,728841,12,479,60736.75,2,1,1
10576,60,1334106,330618,12,423,27551.5,1,7,1
10577,62,483707,1276408,12,680,106367.33,3,0,1
10578,29,577816,892150,36,592,24781.94,0,6,1
10579,47,1678236,1405349,48,494,29278.1,1,4,1
10580,22,1186420,95232,12,527,7936.0,1,2,1
10581,25,1650503,398688,12,730,33224.0,4,6,1
10582,49,1978254,510385,24,735,21266.04,2,8,1
10583,57,545114,833301,36,760,23147.25,2,1,1
10584,58,443373,362813,12,320,30234.42,0,7,1
10585,39,547697,1307669,24,363,54486.21,3,8,1
10586,28,1410355,1076657,60,464,17944.28,0,2,1
10587,21,1418758,1429904,12,326,119158.67,1,1,1
10588,42,1246914,1111716,12,610,92643.0,1,6,1
10589,37,1965724,1487188,24,584,61966.17,2,4,1
10590,27,1855743,588645,36,580,16351.25,3,4,1
10591,45,1156331,1210248,12,463,100854.0,4,9,1
10592,24,1486836,380817,60,523,6346.95,3,4,1
10593,56,1123159,782303,12,445,65191.92,1,3,1
10594,26,1171129,670399,60,329,11173.32,4,4,1
10595,51,1919187,914690,48,344,19056.04,3,3,1
10596,39,846701,456140,48,770,9502.92,3,5,1
10597,64,986958,1167862,60,333,19464.37,4,3,1
10598,59,530904,143269,36,726,3979.69,1,1,0
10599,47,1296413,308635,12,520,25719.58,3,8,1
10600,30,718349,1172647,12,833,97720.58,4,1,1
10601,46,984838,1319671,48,666,27493.15,1,8,1
10602,39,997968,563317,60,849,9388.62,4,9,1
10603,59,1801405,1129227,12,415,94102.25,4,5,1
10604,23,279083,120202,12,538,10016.83,3,8,1
10605,33,758819,1147353,36,634,31870.92,1,8,1
10606,48,1519432,198066,24,740,8252.75,3,2,0
10607,40,1614821,903695,48,447,18826.98,0,0,1
10608,48,1847608,240706,48,308,5014.71,0,0,1
10609,28,977147,674446,24,587,28101.92,1,2,1
10610,61,1248382,847232,12,687,70602.67,4,4,1
10611,59,854037,874255,36,349,24284.86,3,2,1
10612,21,1238836,1424598,36,816,39572.17,3,8,1
10613,23,1041047,330852,48,577,6892.75,1,8,1
10614,33,806791,718179,36,599,19949.42,1,2,1
10615,48,1502922,638158,24,434,26589.92,0,2,1
10616,45,809996,583571,12,446,48630.92,2,4,1
10617,53,915472,915139,24,789,38130.79,1,1,1
10618,58,1875335,1301703,60,777,21695.05,2,5,1
10619,26,1244244,1240631,48,458,25846.48,1,6,1
10620,64,978513,854565,36,683,23737.92,4,8,1
10621,52,1406237,575069,60,462,9584.48,4,5,1
10622,41,1933951,164586,36,740,4571.83,0,2,0
10623,36,360081,339768,12,488,28314.0,0,4,1
10624,41,588590,581111,12,714,48425.92,2,3,1
10625,31,1965982,592777,12,638,49398.08,1,4,1
10626,57,1093093,1086059,36,480,30168.31,3,7,1
10627,56,881503,221033,60,587,3683.88,0,7,1
10628,55,1254730,1389838,12,486,115819.83,3,5,1
10629,39,877164,1198993,60,437,19983.22,3,0,1
10630,40,1159192,1180392,36,429,32788.67,1,7,1
10631,38,1312864,325709,60,493,5428.48,2,7,1
10632,61,251195,224023,36,615,6222.86,1,1,1
10633,34,482725,927611,36,443,25766.97,0,3,1
10634,35,645864,597936,48,315,12457.0,3,1,1
10635,51,492231,493945,36,601,13720.69,1,3,1
10636,21,905290,1140547,36,722,31681.86,1,9,1
10637,23,364053,68658,24,544,2860.75,1,6,1
10638,36,793586,71253,12,406,5937.75,0,8,1
10639,43,1979240,229635,48,387,4784.06,2,7,1
10640,31,1685200,207462,48,428,4322.12,1,8,1
10641,32,1288075,1449384,48,640,30195.5,0,7,1
10642,30,1636536,260097,24,303,10837.38,3,1,1
10643,52,645485,678138,36,626,18837.17,4,6,1
10644,36,1942495,1000162,12,709,83346.83,0,1,0
10645,28,1493774,712212,60,605,11870.2,4,1,0
10646,58,1716111,570498,36,524,15847.17,1,3,1
10647,32,1869211,1324634,24,647,55193.08,1,0,1
10648,44,1559507,707911,36,620,19664.19,0,4,1
10649,48,1546208,908379,36,480,25232.75,4,5,1
10650,28,536585,1278807,24,685,53283.62,1,8,1
10651,48,1978599,172775,48,407,3599.48,3,9,1
10652,56,222431,1019211,48,830,21233.56,2,7,1
10653,46,1572401,727160,12,709,60596.67,2,1,0
10654,28,1443131,369972,12,595,30831.0,1,0,1
10655,48,847008,1360292,48,470,28339.42,4,1,1
10656,48,773441,1499031,60,630,24983.85,1,6,1
10657,57,468512,318854,36,792,8857.06,4,3,1
10658,61,1098792,464600,60,494,7743.33,3,9,1
10659,56,376076,221918,36,311,6164.39,4,4,1
10660,47,1468300,269055,48,494,5605.31,1,6,1
10661,37,1829849,1398711,12,789,116559.25,3,2,1
10662,29,1563046,784417,12,481,65368.08,0,9,1
10663,53,1881601,1080697,60,615,18011.62,2,1,0
10664,40,1984997,1498763,12,329,124896.92,1,6,1
10665,33,878758,472355,48,395,9840.73,1,4,1
10666,48,953753,921877,60,680,15364.62,1,0,1
10667,49,250861,1306715,36,743,36297.64,3,0,1
10668,33,1586617,130257,12,597,10854.75,0,8,1
10669,55,1461553,874143,24,660,36422.62,4,4,1
10670,26,851406,1105106,12,673,92092.17,0,0,1
10671,38,921001,1371836,36,602,38106.56,3,6,1
10672,25,209078,967786,60,720,16129.77,1,8,1
10673,45,524912,260545,36,545,7237.36,2,0,1
10674,22,1823911,578423,24,536,24100.96,1,9,1
10675,30,1058058,974133,48,833,20294.44,4,3,1
10676,50,1044092,421616,12,484,35134.67,2,2,1
10677,25,1167290,825158,60,767,13752.63,1,4,1
10678,53,1643717,663375,48,662,13820.31,2,6,1
10679,21,415048,966383,36,582,26843.97,0,7,1
10680,38,960581,329215,60,635,5486.92,3,1,0
10681,52,1890696,1118650,48,461,23305.21,1,6,1
10682,31,1116838,796084,60,459,13268.07,4,0,1
10683,41,849438,1138477,24,773,47436.54,0,6,1
10684,46,1405663,323349,24,621,13472.88,1,7,1
10685,45,233320,445807,12,311,37150.58,0,1,1
10686,42,527025,1441405,12,723,120117.08,4,8,1
10687,47,815115,1471174,24,372,61298.92,1,0,1
10688,33,1761863,1466207,60,500,24436.78,4,5,1
10689,53,564359,628688,24,821,26195.33,2,0,1
10690,54,1143793,1254798,12,804,104566.5,4,2,1
10691,61,1508507,81852,24,338,3410.5,2,5,1
10692,55,1143187,1010374,24,359,42098.92,1,2,1
10693,21,606845,427501,60,620,7125.02,2,7,1
10694,41,1797690,1155057,48,734,24063.69,1,4,1
10695,26,300734,83691,12,707,6974.25,1,1,0
10696,48,357702,444341,60,685,7405.68,3,3,1
10697,37,954122,1296713,24,377,54029.71,1,8,1
10698,25,1425811,1096238,24,493,45676.58,2,3,1
10699,51,1347087,582726,48,584,12140.12,3,9,1
10700,25,1183939,1499796,12,826,124983.0,3,9,1
10701,58,1522373,846184,12,823,70515.33,1,7,1
10702,23,1931897,1154002,36,455,32055.61,4,4,1
10703,43,806229,289968,12,639,24164.0,4,9,1
10704,57,929497,338963,48,424,7061.73,3,0,1
10705,57,298818,545384,36,579,15149.56,1,6,1
10706,30,1173950,928483,36,427,25791.19,4,2,1
10707,30,352360,571121,24,613,23796.71,1,9,1
10708,39,819369,1253865,24,631,52244.38,1,7,1
10709,37,761165,1360077,12,449,113339.75,3,2,1
10710,41,573706,569165,36,753,15810.14,3,0,1
10711,34,1132817,269780,24,335,11240.83,0,4,1
10712,29,1460533,1393714,48,719,29035.71,4,1,1
10713,21,272715,1196332,24,321,49847.17,4,3,1
10714,33,341398,492632,24,505,20526.33,4,0,1
10715,24,1882955,977091,36,655,27141.42,2,8,1
10716,21,1767628,1077557,36,739,29932.14,1,5,1
10717,60,1381208,1194241,60,395,19904.02,3,7,1
10718,52,1065580,1260578,48,463,26262.04,4,3,1
10719,54,283186,1360267,36,447,37785.19,0,8,1
10720,48,1935826,1220808,12,829,101734.0,4,1,1
10721,51,1399670,1341627,48,593,27950.56,1,8,1
10722,28,794604,1256123,48,494,26169.23,1,4,1
10723,59,1276956,462104,36,779,12836.22,3,5,1
10724,46,834486,358449,48,422,7467.69,2,2,1
10725,54,464500,583634,36,699,16212.06,3,3,1
10726,23,270326,1111339,24,751,46305.79,4,5,1
10727,32,1078879,240237,60,403,4003.95,0,6,1
10728,21,839282,906047,24,761,37751.96,3,0,1
10729,64,420971,479332,36,695,13314.78,2,6,1
10730,25,1006481,695275,36,636,19313.19,3,0,1
10731,50,1717509,1315399,24,441,54808.29,1,4,1
10732,50,1417060,1189929,12,616,99160.75,4,5,1
10733,37,1231519,271373,12,826,22614.42,4,1,0
10734,43,989352,1456368,12,700,121364.0,4,9,1
10735,35,684410,599844,36,609,16662.33,4,8,1
10736,57,1590281,895474,48,794,18655.71,4,9,1
10737,41,425314,421233,36,408,11700.92,4,5,1
10738,34,1687292,1274744,48,671,26557.17,0,6,1
10739,22,1828094,718590,24,505,29941.25,2,9,1
10740,31,1740448,1300617,60,342,21676.95,4,7,1
10741,59,716998,83866,48,544,1747.21,2,9,1
10742,58,1147531,1203976,12,586,100331.33,4,0,1
10743,54,1768560,1437695,36,654,39935.97,3,7,1
10744,58,665757,485071,24,775,20211.29,4,3,1
10745,54,1623060,1442277,12,382,120189.75,1,9,1
10746,38,708062,1236064,24,409,51502.67,0,7,1
10747,50,1832185,646804,60,489,10780.07,3,5,1
10748,35,332028,236987,36,550,6582.97,3,8,1
10749,47,431447,461274,36,590,12813.17,1,3,1
10750,54,1060563,483934,60,500,8065.57,4,1,1
10751,58,1689700,344746,36,625,9576.28,0,1,0
10752,53,1195843,1287715,48,810,26827.4,3,4,1
10753,44,826045,208588,24,708,8691.17,0,9,1
10754,35,1681235,1304311,12,807,108692.58,3,8,1
10755,50,501207,1360875,60,371,22681.25,4,2,1
10756,62,1624945,173950,48,546,3623.96,3,7,1
10757,37,1627120,379638,12,643,31636.5,3,3,0
10758,25,1591538,650517,12,353,54209.75,2,5,1
10759,49,466847,1203224,60,827,20053.73,4,9,1
10760,24,920488,88547,48,831,1844.73,1,5,1
10761,30,796387,603083,12,492,50256.92,1,2,1
10762,37,619065,236368,12,357,19697.33,4,4,1
10763,30,887220,595735,48,736,12411.15,1,2,1
10764,37,231585,1354766,36,410,37632.39,4,0,1
10765,40,1663807,256402,12,428,21366.83,1,6,1
10766,44,1195043,1350995,24,625,56291.46,2,3,1
10767,25,1816449,804105,48,307,16752.19,1,6,1
10768,54,489102,899710,12,328,74975.83,3,2,1
10769,26,1536737,629365,60,411,10489.42,4,4,1
10770,22,1635397,162782,24,430,6782.58,0,4,1
10771,33,1162854,1089550,12,487,90795.83,0,1,1
10772,63,479922,677220,24,774,28217.5,4,9,1
10773,63,900601,1061316,24,663,44221.5,2,1,1
10774,31,1290805,493316,36,503,13703.22,1,3,1
10775,43,1335228,1470589,24,511,61274.54,2,3,1
10776,36,1114699,1409501,36,575,39152.81,0,3,1
10777,51,449474,1284915,48,372,26769.06,4,5,1
10778,31,1952300,525595,36,542,14599.86,4,1,1
10779,36,1112935,1197272,60,401,19954.53,2,5,1
10780,28,460116,100939,12,470,8411.58,2,6,1
10781,24,1071310,191521,48,487,3990.02,1,9,1
10782,60,1144994,923093,48,740,19231.1,3,2,1
10783,24,720985,1433674,60,385,23894.57,3,7,1
10784,45,219975,859178,36,775,23866.06,1,1,1
10785,23,357795,633098,12,351,52758.17,3,7,1
10786,52,1665071,692650,36,410,19240.28,0,4,1
10787,23,1457949,526513,24,342,21938.04,3,1,1
10788,47,1129065,1244871,36,510,34579.75,1,6,1
10789,49,1224939,515453,48,499,10738.6,3,1,1
10790,52,1445709,771037,12,325,64253.08,4,5,1
10791,39,1074829,1363379,36,598,37871.64,2,9,1
10792,41,1953089,1185092,12,376,98757.67,0,2,1
10793,25,1543862,1173143,12,436,97761.92,4,8,1
10794,38,1837188,176498,24,319,7354.08,4,2,1
10795,48,1424613,752098,24,739,31337.42,1,2,0
10796,62,588076,1071469,48,510,22322.27,2,4,1
10797,42,860008,514894,60,734,8581.57,2,6,1
10798,41,890493,334154,12,506,27846.17,0,7,1
10799,26,1168181,845219,60,738,14086.98,1,6,1
10800,21,820347,189544,48,341,3948.83,0,8,1
10801,25,1212092,296183,12,710,24681.92,3,4,1
10802,61,822605,728743,12,822,60728.58,4,9,1
10803,32,925495,1422429,60,726,23707.15,0,2,1
10804,46,1545766,513001,36,574,14250.03,4,5,1
10805,54,1688856,1133094,24,747,47212.25,1,4,1
10806,34,301459,103909,36,668,2886.36,3,3,0
10807,46,961985,774984,60,519,12916.4,1,1,1
10808,47,400422,1020834,24,531,42534.75,3,6,1
10809,29,1350096,565693,36,627,15713.69,3,4,1
10810,46,785560,589570,24,742,24565.42,4,3,1
10811,42,947512,289017,12,351,24084.75,1,7,1
10812,50,716123,464994,36,675,12916.5,1,8,1
10813,63,1578369,991768,24,562,41323.67,0,8,1
10814,37,526818,502891,24,566,20953.79,1,2,1
10815,46,1236548,1126941,24,658,46955.88,0,2,1
10816,56,344832,515982,36,616,14332.83,2,4,1
10817,21,352999,491416,48,623,10237.83,2,4,1
10818,28,548619,323146,36,720,8976.28,2,9,1
10819,55,261367,1374667,60,345,22911.12,1,1,1
10820,35,953315,1308870,36,568,36357.5,1,0,1
10821,42,605804,1214795,24,680,50616.46,0,7,1
10822,34,1108182,1439330,12,417,119944.17,3,2,1
10823,46,957038,888574,36,415,24682.61,0,0,1
10824,48,1484382,630595,36,559,17516.53,2,0,1
10825,43,1104586,1234141,24,374,51422.54,0,1,1
10826,34,1956169,829383,12,779,69115.25,3,5,1
10827,44,1293314,362229,12,604,30185.75,1,5,1
10828,22,757685,608516,60,306,10141.93,0,2,1
10829,46,1592909,785036,36,665,21806.56,2,3,0
10830,34,1587087,617760,12,822,51480.0,2,1,0
10831,27,1242377,885869,12,647,73822.42,1,1,1
10832,23,402332,1016920,48,737,21185.83,0,6,1
10833,43,582729,896143,48,514,18669.65,3,0,1
10834,63,1360029,1236464,12,728,103038.67,1,6,1
10835,38,1268392,127175,60,797,2119.58,0,0,0
10836,58,1159744,638595,12,839,53216.25,4,5,1
10837,55,1123780,1407453,24,666,58643.88,2,2,1
10838,35,969299,964634,36,612,26795.39,3,7,1
10839,45,1665291,145028,60,837,2417.13,3,5,1
10840,57,1206080,1240888,24,353,51703.67,3,1,1
10841,48,571000,541450,60,840,9024.17,2,7,1
10842,30,413567,1191069,24,766,49627.88,0,4,1
10843,59,1763509,175149,36,463,4865.25,1,7,1
10844,37,795923,803704,36,633,22325.11,0,7,1
10845,59,416184,1301011,48,846,27104.4,1,5,1
10846,42,498090,213834,24,647,8909.75,3,1,0
10847,46,517348,320403,48,572,6675.06,0,7,1
10848,64,1431534,1279787,24,713,53324.46,3,5,1
10849,45,1189156,965207,48,799,20108.48,4,5,1
10850,37,1526283,1375569,36,392,38210.25,3,7,1
10851,33,292324,1442488,60,378,24041.47,3,0,1
10852,40,423536,1466828,48,516,30558.92,1,1,1
10853,45,1520567,367013,24,657,15292.21,4,8,1
10854,24,226155,963320,24,806,40138.33,3,7,1
10855,30,541815,1161671,36,480,32268.64,3,6,1
10856,23,1889755,1216462,24,545,50685.92,4,6,1
10857,61,660494,907342,12,543,75611.83,4,4,1
10858,38,349381,335711,60,805,5595.18,0,1,1
10859,56,1380267,1133868,48,721,23622.25,1,5,1
10860,42,1724986,1173389,60,619,19556.48,4,9,1
10861,54,643324,671424,36,386,18650.67,4,2,1
10862,28,234707,625919,48,516,13039.98,2,3,1
10863,60,1137841,59885,48,789,1247.6,4,9,1
10864,64,1767053,1283954,12,818,106996.17,1,1,1
10865,39,1970440,902746,36,577,25076.28,3,1,1
10866,62,1951550,1425807,24,468,59408.62,3,7,1
10867,61,946788,472381,12,629,39365.08,3,7,1
10868,57,553299,1026433,12,740,85536.08,3,9,1
10869,26,1407068,510244,60,690,8504.07,2,5,1
10870,46,1722688,624100,60,795,10401.67,4,4,1
10871,54,370102,755860,60,680,12597.67,3,7,1
10872,26,594274,1419363,12,605,118280.25,0,3,1
10873,57,417285,94900,24,812,3954.17,3,3,0
10874,53,1586980,451067,48,487,9397.23,4,4,1
10875,42,1408052,852720,60,815,14212.0,3,0,1
10876,41,958842,1171268,24,726,48802.83,2,0,1
10877,26,1222788,510796,36,801,14188.78,1,1,0
10878,26,1409504,1499160,60,559,24986.0,1,7,1
10879,24,1913136,1144979,48,812,23853.73,4,6,1
10880,50,1050610,845600,36,370,23488.89,1,9,1
10881,31,496141,1054001,36,777,29277.81,1,8,1
10882,50,1143115,362023,48,477,7542.15,0,4,1
10883,51,1892137,1158447,60,756,19307.45,4,1,1
10884,44,1945171,1079127,12,488,89927.25,4,6,1
10885,29,1497076,541862,48,590,11288.79,1,7,1
10886,23,1938993,1130750,48,819,23557.29,1,6,1
10887,51,1380887,805111,48,591,16773.15,1,6,1
10888,60,445546,273563,36,582,7598.97,2,4,1
10889,57,1445309,187653,24,843,7818.88,3,1,0
10890,56,851233,160155,12,676,13346.25,2,5,1
10891,44,1818136,383997,60,455,6399.95,4,3,1
10892,51,1241592,1410398,60,807,23506.63,0,9,1
10893,26,346470,1226371,24,712,51098.79,3,1,1
10894,22,844318,138668,48,827,2888.92,0,8,1
10895,40,1567223,787685,12,654,65640.42,4,6,1
10896,48,1255146,719927,60,486,11998.78,4,5,1
10897,31,530929,1029448,60,330,17157.47,0,4,1
10898,24,1781974,603091,48,559,12564.4,0,2,1
10899,35,1747691,723590,24,720,30149.58,0,9,1
10900,26,279141,723222,12,828,60268.5,4,9,1
10901,50,212115,998763,24,603,41615.12,1,3,1
10902,58,1287638,1328723,24,338,55363.46,0,2,1
10903,22,1009343,1054949,12,788,87912.42,3,7,1
10904,35,1876925,605083,12,841,50423.58,4,2,0
10905,31,1543276,320914,60,577,5348.57,2,6,1
10906,28,590479,1491985,60,502,24866.42,2,6,1
10907,46,1774833,412455,12,365,34371.25,3,6,1
10908,64,1030185,329713,36,407,9158.69,1,6,1
10909,25,597686,1084586,60,567,18076.43,0,1,1
10910,26,1370439,1402790,36,521,38966.39,4,9,1
10911,46,996657,1053429,12,829,87785.75,0,2,1
10912,24,1749652,614485,60,389,10241.42,4,9,1
10913,39,847296,207584,24,554,8649.33,2,8,1
10914,40,1749302,974220,12,754,81185.0,0,2,0
10915,53,1225799,1447515,48,552,30156.56,3,1,1
10916,40,1927132,341077,36,556,9474.36,1,8,1
10917,32,1878687,1074729,12,682,89560.75,3,9,1
10918,21,1000101,709738,12,741,59144.83,1,8,1
10919,46,1883541,424226,60,389,7070.43,0,3,1
10920,34,1244257,1209608,60,689,20160.13,0,8,1
10921,58,248320,1305516,60,343,21758.6,1,2,1
10922,57,1164918,1403324,48,318,29235.92,2,6,1
10923,31,696758,511552,60,400,8525.87,4,6,1
10924,56,1395225,1325303,12,656,110441.92,3,7,1
10925,33,1373930,123869,60,841,2064.48,3,9,1
10926,63,812297,919807,24,332,38325.29,3,3,1
10927,23,648625,768675,60,528,12811.25,0,2,1
10928,53,228625,252416,48,823,5258.67,3,2,1
10929,26,936400,628533,24,454,26188.88,4,4,1
10930,30,1534809,617344,12,722,51445.33,4,0,0
10931,25,1285063,825024,12,545,68752.0,1,9,1
10932,43,1707630,1419277,36,704,39424.36,0,2,1
10933,30,1476647,1378263,24,840,57427.62,4,5,1
10934,64,688011,480634,36,460,13350.94,2,2,1
10935,22,1560858,799971,24,416,33332.12,0,4,1
10936,33,1422471,546507,24,570,22771.12,0,8,1
10937,60,630424,1081008,48,786,22521.0,4,1,1
10938,22,516205,315972,36,471,8777.0,2,1,1
10939,40,1148163,1215232,48,573,25317.33,1,5,1
10940,21,1247328,1115663,24,558,46485.96,4,5,1
10941,57,301376,1392057,12,434,116004.75,2,7,1
10942,29,1673682,186554,24,721,7773.08,0,1,0
10943,37,1033487,535757,48,720,11161.6,2,8,1
10944,29,967629,232024,36,485,6445.11,0,1,1
10945,31,1530228,1235111,36,663,34308.64,4,0,1
10946,35,1720708,817524,48,677,17031.75,4,9,1
10947,44,358056,1491296,36,822,41424.89,3,1,1
10948,58,834457,345767,60,495,5762.78,3,6,1
10949,55,760347,85634,12,397,7136.17,3,7,1
10950,50,662785,426742,12,321,35561.83,4,4,1
10951,51,1876273,361478,12,749,30123.17,1,5,1
10952,25,1748229,905080,36,471,25141.11,4,0,1
10953,64,1232766,596495,36,682,16569.31,2,5,1
10954,34,729992,523866,24,433,21827.75,4,7,1
10955,31,1178080,655842,24,725,27326.75,4,2,0
10956,29,928744,657564,12,324,54797.0,0,0,1
10957,54,942488,1027022,60,802,17117.03,0,3,1
10958,32,835567,1413501,24,484,58895.88,0,0,1
10959,55,882568,758140,24,384,31589.17,4,7,1
10960,55,842804,242512,36,443,6736.44,1,4,1
10961,21,722828,1011703,60,711,16861.72,2,0,1
10962,60,678366,241420,12,523,20118.33,2,7,1
10963,42,921384,760644,24,519,31693.5,1,8,1
10964,49,1157386,1301772,60,478,21696.2,1,9,1
10965,28,619139,1298495,60,732,21641.58,2,1,1
10966,31,719777,307324,12,564,25610.33,3,8,1
10967,61,1624764,769449,60,728,12824.15,0,7,1
10968,57,432549,917780,60,715,15296.33,0,6,1
10969,34,1802029,480599,60,752,8009.98,2,2,0
10970,50,1840067,425960,24,496,17748.33,1,1,1
10971,55,684965,784042,12,352,65336.83,3,6,1
10972,41,990546,697341,60,779,11622.35,2,4,1
10973,57,1182469,1282541,60,742,21375.68,0,5,1
10974,25,236321,1265468,24,629,52727.83,4,3,1
10975,39,535441,184832,12,550,15402.67,1,1,1
10976,34,1493590,1251838,36,422,34773.28,4,8,1
10977,46,356498,117411,24,686,4892.12,2,2,0
10978,24,1266348,335521,12,638,27960.08,0,6,1
10979,45,990144,1037073,60,647,17284.55,3,7,1
10980,62,594583,1136787,12,328,94732.25,4,1,1
10981,45,438389,263981,12,334,21998.42,3,5,1
10982,38,839430,315888,12,817,26324.0,0,7,1
10983,60,1864600,830926,36,695,23081.28,4,6,1
10984,28,1300500,337139,12,593,28094.92,3,2,1
10985,59,1776590,608830,36,648,16911.94,3,0,0
10986,60,1599872,60651,60,446,1010.85,4,5,1
10987,34,1276299,1197815,36,366,33272.64,0,7,1
10988,52,958470,915363,60,819,15256.05,3,5,1
10989,58,864468,938544,60,421,15642.4,2,4,1
10990,53,408786,487625,36,639,13545.14,4,7,1
10991,43,1808507,1253954,24,474,52248.08,1,1,1
10992,35,886684,1248734,48,750,26015.29,1,0,1
10993,53,1463008,1422070,12,435,118505.83,0,0,1
10994,45,1228400,383569,48,315,7991.02,2,3,1
10995,37,1388575,546574,12,632,45547.83,3,5,1
10996,53,1080112,479852,12,494,39987.67,1,8,1
10997,22,558690,494865,60,795,8247.75,0,0,1
10998,34,1139947,305948,12,308,25495.67,2,0,1
10999,60,279973,911069,12,633,75922.42,2,4,1
11000,60,834122,906626,36,632,25184.06,0,9,1
11001,59,1248173,913349,48,626,19028.1,0,4,1
11002,26,1702025,114200,36,314,3172.22,3,4,1
11003,26,487681,1204424,12,525,100368.67,0,9,1
11004,23,694509,156022,60,724,2600.37,3,5,1
11005,27,1880386,751979,36,707,20888.31,3,7,1
11006,28,1795476,830741,36,412,23076.14,4,2,1
11007,62,425049,1160644,24,727,48360.17,2,8,1
11008,35,1517191,520529,12,300,43377.42,2,0,1
11009,49,366703,936364,60,565,15606.07,2,3,1
11010,53,964357,211445,36,790,5873.47,4,8,1
11011,50,947419,1235679,36,507,34324.42,3,7,1
11012,59,1279924,274605,60,668,4576.75,3,9,1
11013,47,1444380,253047,12,605,21087.25,0,8,1
11014,56,335832,859217,24,311,35800.71,4,0,1
11015,49,1543499,299768,36,644,8326.89,0,8,1
11016,58,483780,734029,24,764,30584.54,4,2,1
11017,53,1854753,1193051,48,793,24855.23,0,9,1
11018,57,1302127,560370,12,667,46697.5,1,8,1
11019,47,604772,576570,48,719,12011.88,2,0,1
11020,53,1915499,739984,48,470,15416.33,2,0,1
11021,24,771107,270972,48,433,5645.25,3,8,1
11022,42,1584490,1261353,12,726,105112.75,1,5,1
11023,22,1208559,258944,12,324,21578.67,2,3,1
11024,30,620182,1042382,60,829,17373.03,3,6,1
11025,25,1461357,1335016,24,489,55625.67,1,4,1
11026,30,1701681,778342,24,440,32430.92,2,9,1
11027,53,882347,1411303,60,614,23521.72,0,6,1
11028,58,1222378,57461,60,743,957.68,4,7,1
11029,33,913708,846948,48,618,17644.75,1,7,1
11030,51,748884,522501,60,740,8708.35,3,0,1
11031,56,1050538,1247162,36,391,34643.39,1,7,1
11032,44,1225014,1096161,24,478,45673.38,3,5,1
11033,35,1187471,433395,60,355,7223.25,1,3,1
11034,49,259182,544178,36,454,15116.06,3,7,1
11035,28,549307,281496,36,410,7819.33,2,2,1
11036,25,501454,742148,36,436,20615.22,0,3,1
11037,49,1566808,610315,36,531,16953.19,2,5,1
11038,24,1901667,929979,48,767,19374.56,0,6,1
11039,32,1388554,223921,36,780,6220.03,2,3,0
11040,22,1023346,723218,48,367,15067.04,2,3,1
11041,47,1096782,653291,48,548,13610.23,1,6,1
11042,51,1818243,757755,36,622,21048.75,4,5,1
11043,56,1720404,614046,24,817,25585.25,3,7,1
11044,56,970188,366456,36,731,10179.33,3,0,0
11045,46,458517,1429390,36,786,39705.28,3,9,1
11046,63,1155154,1084262,36,728,30118.39,0,6,1
11047,47,1688673,132279,24,568,5511.62,3,6,1
11048,25,1557133,65434,12,836,5452.83,3,6,1
11049,40,337084,769407,12,447,64117.25,1,6,1
11050,31,905475,490991,48,417,10228.98,2,9,1
11051,30,782004,387913,48,666,8081.52,3,9,1
11052,60,1080179,378821,24,365,15784.21,4,7,1
11053,58,948013,133555,60,669,2225.92,3,8,1
11054,26,891738,226806,12,474,18900.5,0,8,1
11055,28,1946588,483819,48,794,10079.56,0,1,0
11056,43,1452078,1049430,12,413,87452.5,0,6,1
11057,46,344539,118803,24,410,4950.12,3,6,1
11058,63,624226,857744,24,738,35739.33,1,3,1
11059,32,1770439,798736,60,446,13312.27,4,8,1
11060,46,1370575,749539,60,334,12492.32,3,7,1
11061,33,1363369,295404,24,608,12308.5,1,0,0
11062,60,1705949,692249,48,837,14421.85,1,1,0
11063,38,1618897,1401099,12,313,116758.25,3,1,1
11064,45,212289,67297,36,673,1869.36,3,7,1
11065,53,900336,838443,60,727,13974.05,1,0,1
11066,60,898956,1218810,36,532,33855.83,1,3,1
11067,63,1505944,618302,48,739,12881.29,1,9,1
11068,32,286365,979242,60,801,16320.7,3,4,1
11069,64,954950,1277146,36,574,35476.28,1,8,1
11070,56,375211,833152,48,375,17357.33,0,6,1
11071,24,1428361,847552,12,738,70629.33,3,7,1
11072,25,1321164,1383572,48,588,28824.42,0,8,1
11073,57,263646,1439959,60,839,23999.32,2,6,1
11074,28,465798,1492721,24,552,62196.71,3,4,1
11075,62,1730814,561603,12,425,46800.25,2,4,1
11076,48,1993961,665863,36,476,18496.19,1,9,1
11077,51,929532,1093659,60,336,18227.65,1,5,1
11078,29,1123945,557365,24,709,23223.54,4,4,1
11079,49,1368311,1247086,48,426,25980.96,1,8,1
11080,34,355683,1278163,24,782,53256.79,2,2,1
11081,60,1106323,1072788,60,467,17879.8,1,2,1
11082,61,832259,878791,60,593,14646.52,3,6,1
11083,42,736437,410890,24,642,17120.42,1,6,1
11084,31,1610822,799122,48,609,16648.38,4,5,1
11085,43,1569909,695194,24,827,28966.42,1,2,0
11086,21,766956,251260,60,839,4187.67,2,6,1
11087,57,1655465,827881,60,718,13798.02,2,4,1
11088,41,1194170,883525,36,743,24542.36,1,6,1
11089,46,812492,1301775,36,535,36160.42,2,1,1
11090,56,411830,426794,12,738,35566.17,2,5,1
11091,43,1445077,986197,60,513,16436.62,4,7,1
11092,21,1665461,433100,36,384,12030.56,3,0,1
11093,60,365140,165598,24,384,6899.92,4,3,1
11094,35,1992725,300100,48,788,6252.08,0,0,0
11095,41,1389083,832877,24,364,34703.21,4,0,1
11096,29,425160,758521,48,363,15802.52,1,9,1
11097,29,1431897,826676,36,642,22963.22,3,7,1
11098,30,761672,183241,12,651,15270.08,1,6,1
11099,46,721998,1251700,24,457,52154.17,0,9,1
11100,61,806217,1303499,24,790,54312.46,3,0,1
11101,55,1849017,58036,24,762,2418.17,2,1,0
11102,45,275388,995238,48,524,20734.12,4,3,1
11103,46,755689,1252821,36,612,34800.58,1,0,1
11104,31,718727,1033825,24,765,43076.04,0,2,1
11105,58,1975767,252747,24,387,10531.12,2,7,1
11106,22,1892367,593088,12,602,49424.0,4,7,1
11107,27,432601,1386092,12,734,115507.67,2,7,1
11108,38,1376410,1422236,36,434,39506.56,4,5,1
11109,47,1282660,900350,36,349,25009.72,3,5,1
11110,54,1500035,982477,60,731,16374.62,2,4,1
11111,47,1883505,1431875,12,639,119322.92,2,8,1
11112,37,305111,805600,60,646,13426.67,2,3,1
11113,63,1697618,1158076,48,646,24126.58,3,9,1
11114,64,629667,217647,60,544,3627.45,0,6,1
11115,44,1911163,286527,24,408,11938.62,4,0,1
11116,45,362982,485477,60,832,8091.28,2,8,1
11117,27,498185,602004,36,389,16722.33,3,6,1
11118,26,1576401,1495028,48,595,31146.42,0,9,1
11119,44,434386,52352,24,411,2181.33,4,8,1
11120,53,1592291,183004,60,476,3050.07,3,6,1
11121,49,1445129,912881,48,642,19018.35,4,1,1
11122,63,661792,836261,48,400,17422.1,2,5,1
11123,42,701174,1447556,24,700,60314.83,0,9,1
11124,46,984625,710858,60,327,11847.63,3,3,1
11125,48,851844,781478,48,836,16280.79,0,2,1
11126,41,395246,100098,48,357,2085.38,2,1,1
11127,27,1799024,1031890,12,797,85990.83,0,5,1
11128,37,446242,424313,48,596,8839.85,0,7,1
11129,40,711083,714929,12,433,59577.42,1,5,1
11130,61,217633,297199,60,630,4953.32,0,8,1
11131,40,1212384,176060,60,548,2934.33,4,4,1
11132,42,1066964,1286530,60,849,21442.17,3,1,1
11133,48,249104,180544,36,374,5015.11,1,7,1
11134,60,1159125,574628,60,467,9577.13,3,8,1
11135,27,1063663,749309,48,802,15610.6,3,9,1
11136,21,1316964,656590,24,654,27357.92,2,3,0
11137,52,1788878,1029947,12,524,85828.92,2,5,1
11138,33,1341154,797028,36,830,22139.67,1,9,1
11139,50,889115,517243,60,445,8620.72,2,7,1
11140,43,764678,574426,60,540,9573.77,2,8,1
11141,39,1534431,443574,24,643,18482.25,2,4,1
11142,52,1340234,518466,24,334,21602.75,3,5,1
11143,50,257993,921808,36,300,25605.78,1,3,1
11144,49,405768,206951,12,452,17245.92,3,4,1
11145,49,1406861,917964,60,728,15299.4,4,6,1
11146,50,971148,892210,36,807,24783.61,3,8,1
11147,36,1222460,612060,48,425,12751.25,4,9,1
11148,60,1699576,1157054,48,790,24105.29,0,5,1
11149,39,993853,601050,36,781,16695.83,0,5,1
11150,38,942296,1242931,60,644,20715.52,4,7,1
11151,21,742015,744780,36,520,20688.33,4,3,1
11152,34,1098850,892000,60,324,14866.67,3,2,1
11153,22,1777222,921522,24,827,38396.75,4,6,1
11154,48,1575828,893601,36,481,24822.25,1,4,1
11155,50,457681,649253,60,798,10820.88,0,1,1
11156,58,294018,227912,36,341,6330.89,0,1,1
11157,24,1635177,225767,36,780,6271.31,4,5,1
11158,21,1542630,286281,60,738,4771.35,2,7,1
11159,28,1899752,134754,60,701,2245.9,2,0,0
11160,49,429104,652276,12,845,54356.33,4,5,1
11161,59,1042186,557732,36,644,15492.56,1,1,0
11162,23,393510,200023,48,344,4167.15,2,1,1
11163,52,1358423,130388,36,320,3621.89,4,6,1
11164,30,1693293,289779,36,369,8049.42,1,9,1
11165,30,654162,928453,60,347,15474.22,1,0,1
11166,39,1024899,954850,36,790,26523.61,3,5,1
11167,54,1135129,256846,36,586,7134.61,1,6,1
11168,53,1544613,744335,48,309,15506.98,2,7,1
11169,43,1324905,1085354,60,841,18089.23,2,6,1
11170,48,1279583,1230788,36,573,34188.56,4,5,1
11171,52,1208806,838140,24,680,34922.5,4,8,1
11172,27,894892,1257956,12,628,104829.67,1,2,1
11173,49,1564973,1143365,48,778,23820.1,0,5,1
11174,28,1260899,76086,36,314,2113.5,3,3,1
11175,21,1097767,1377579,24,815,57399.12,0,1,1
11176,23,1360932,581972,36,490,16165.89,1,0,1
11177,44,835232,1189664,36,467,33046.22,1,0,1
11178,43,404451,444423,60,820,7407.05,0,9,1
11179,28,1527176,640381,60,436,10673.02,3,2,1
11180,57,755655,1259337,60,453,20988.95,0,3,1
11181,23,1303200,885083,24,687,36878.46,4,1,1
11182,53,603322,1223650,36,508,33990.28,2,0,1
11183,48,1483141,939497,12,571,78291.42,4,3,1
11184,28,268008,180351,48,442,3757.31,2,6,1
11185,54,577539,88635,60,368,1477.25,1,9,1
11186,55,316492,1023619,60,546,17060.32,3,5,1
11187,52,272240,1193647,36,560,33156.86,0,5,1
11188,44,1575035,1045909,36,378,29053.03,3,8,1
11189,34,1186753,914950,24,824,38122.92,0,1,1
11190,52,925947,1466953,24,629,61123.04,4,3,1
11191,63,472900,940083,60,488,15668.05,4,4,1
11192,36,661227,647093,36,394,17974.81,0,0,1
11193,24,1547098,471280,12,307,39273.33,3,7,1
11194,57,335327,959245,48,366,19984.27,0,7,1
11195,41,849991,391207,36,795,10866.86,1,5,1
11196,34,1042981,1363174,36,490,37865.94,4,4,1
11197,51,365575,1381598,24,665,57566.58,1,7,1
11198,38,1243445,1280746,48,820,26682.21,4,2,1
11199,27,1748075,243226,60,416,4053.77,4,2,1
11200,30,693948,1242639,36,566,34517.75,2,1,1
